analysis_sample,matrix_name,k,n_runs,n_ok,n_error,mean_n_rows_used,mean_n_rows_dropped,mean_prop_rows_used,mean_totss,mean_tot_withinss,sd_tot_withinss,mean_betweenss,mean_between_over_total,sd_between_over_total,mean_calinski_harabasz,sd_calinski_harabasz,mean_silhouette,sd_silhouette,mean_cluster_distance,sd_cluster_distance,mean_min_cluster_distance,mean_max_cluster_distance,matrix
COMPLETE,matrix_32_ext_0_1,2,100,100,0,1608,0,1,7759.887148320231,6685.466526127566,48.24485929392563,1074.420622192665,0.13844759541040955,0.00431019758059054,258.12321251211995,9.335884453046985,0.1361011850782854,NA,1.6497219712620907,NA,1.6497219712620907,1.6497219712620907,EXT
COMPLETE,matrix_32_ext_0_1,3,100,100,0,1608,0,1,7759.887148320231,6352.174710680442,48.76301130218128,1407.7124376397885,0.18139769246476817,0.00480374268378301,177.8629723024605,5.759859154859893,0.09003734144475059,NA,1.6308067229061798,NA,1.27921902870993,2.25912914314226,EXT
COMPLETE,matrix_32_ext_0_1,4,100,100,0,1608,0,1,7759.887148320231,6127.135737046921,48.35212712064616,1632.7514112733097,0.21039766935383852,0.00496448822691039,142.49399811289075,4.267316409511453,0.08128736720189525,NA,1.6155670180106942,NA,1.1837205956243968,2.625879142857362,EXT
COMPLETE,matrix_32_ext_0_1,5,100,100,0,1608,0,1,7759.887148320231,6001.006642685974,47.42475839994271,1758.880505634257,0.22664999639733088,0.00516852385703142,117.47301679787924,3.473365289708012,0.06626325789817537,NA,1.643554036656694,NA,1.0849902027348677,2.8695813947725206,EXT
COMPLETE,matrix_32_ext_0_1,6,100,100,0,1608,0,1,7759.887148320231,5896.829763524483,47.11394788092306,1863.0573847957485,0.24007551510249248,0.00512161350702587,101.2398432542503,2.848159661397445,0.0623267638997657,NA,1.6308510717726603,NA,1.033493276198899,2.9974664658400956,EXT
COMPLETE,matrix_32_ext_0_1,7,100,100,0,1608,0,1,7759.887148320231,5806.8591518217645,47.36384834671666,1953.0279964984668,0.2516699421300405,0.00520277525460998,89.75548337777995,2.4845080731062503,0.0573259328889766,NA,1.6334315205682863,NA,1.0109041574299351,3.1343572046049055,EXT
COMPLETE,matrix_32_ext_0_1,8,100,100,0,1608,0,1,7759.887148320231,5728.299272668509,47.32653515871048,2031.5878756517216,0.26179414417554697,0.00519649011566953,81.07481511836758,2.1852909809341674,0.05729416063908102,NA,1.644484914592849,NA,1.0009519356927066,3.2508028535584383,EXT
COMPLETE,matrix_32_pos_0_1,2,100,100,0,1608,0,1,1157.0163949915752,994.6830512882436,10.294455941997365,162.3333437033314,0.14028149117920255,0.00455375951483079,262.1052462526498,9.905787950659883,0.1495425671446516,NA,0.661460549556812,NA,0.661460549556812,0.661460549556812,POS
COMPLETE,matrix_32_pos_0_1,3,100,100,0,1608,0,1,1157.0163949915752,946.0300417727168,9.969777741170192,210.98635321885823,0.18233133827154047,0.00490431568433839,178.98389233425178,5.89495219381869,0.07592775895416035,NA,0.6547737302270121,NA,0.4559691729181885,0.9318867162835864,POS
COMPLETE,matrix_32_pos_0_1,4,100,100,0,1608,0,1,1157.0163949915752,910.6367803218824,9.84564873823847,246.37961466969264,0.21292517039452505,0.00461148118327742,144.6650125949496,3.986469007376519,0.07386056736383921,NA,0.64375987994444,NA,0.46216723643281776,1.0444571655353638,POS
COMPLETE,matrix_32_pos_0_1,5,100,100,0,1608,0,1,1157.0163949915752,887.4164734300388,9.556577566992866,269.59992156153635,0.23299227404779557,0.00485272209068387,121.75569789606811,3.3112141415917464,0.0651224015528889,NA,0.675859758265175,NA,0.44350555983706297,1.150652425188757,POS
COMPLETE,matrix_32_pos_0_1,6,100,100,0,1608,0,1,1157.0163949915752,867.5312021506669,9.304839721422455,289.48519284090816,0.250177547688127,0.00498457728438078,106.91986942102793,2.8437049118814053,0.06147454289420202,NA,0.6865859112876762,NA,0.43036821365749395,1.219074578378015,POS
COMPLETE,matrix_32_pos_0_1,7,100,100,0,1608,0,1,1157.0163949915752,851.4815544282826,9.103812178266525,305.5348405632925,0.26404854828676266,0.00500436475323794,95.752484751978,2.46780935250671,0.05720287646382974,NA,0.6954684414682903,NA,0.4244367150508007,1.2878367897411396,POS
COMPLETE,matrix_32_pos_0_1,8,100,100,0,1608,0,1,1157.0163949915752,837.2403309234367,8.981797680153708,319.77606406813845,0.2763556002384899,0.00523618727659026,87.30648140860143,2.28642981578248,0.05483124753735209,NA,0.7118938331347059,NA,0.4224675602061915,1.370871077323356,POS
COMPLETE,matrix_32_raw_0_1,2,100,100,0,1608,0,1,2818.220896824182,2544.2610044749663,34.36682823567459,273.9598923492157,0.0972065684221522,0.00299673628123355,172.94240424090268,5.904697070630185,0.08822008825550841,NA,0.8296619942446455,NA,0.8296619942446455,0.8296619942446455,RAW
COMPLETE,matrix_32_raw_0_1,3,100,100,0,1608,0,1,2818.220896824182,2374.971997669021,32.70669427807841,443.2488991551608,0.15727543397614713,0.00377932637968766,149.78737715013844,4.2674875330830915,0.07926088389889027,NA,0.9151036566015772,NA,0.8491722126892236,0.9684834415399322,RAW
COMPLETE,matrix_32_raw_0_1,4,100,100,0,1608,0,1,2818.220896824182,2286.5804518787477,31.707979821566784,531.6404449454344,0.1886414900775164,0.00353092394997684,124.3227865461532,2.870556904059663,0.0682513779277651,NA,0.9598076105439453,NA,0.7914000940500153,1.2840471467891943,RAW
COMPLETE,matrix_32_raw_0_1,5,100,100,0,1608,0,1,2818.220896824182,2212.9204000500968,31.068860328130732,605.3004967740852,0.2147772771660897,0.0041123709326034,109.62862037700458,2.674932255521571,0.06565116049041687,NA,1.0410245177880957,NA,0.7659981302981441,1.597630507494003,RAW
COMPLETE,matrix_32_raw_0_1,6,100,100,0,1608,0,1,2818.220896824182,2157.40775495037,29.692063254517624,660.813141873812,0.2344723318658405,0.00398906436131068,98.14610718153928,2.1841727633703307,0.06259375070341028,NA,1.0565164035500214,NA,0.7605676414921492,1.65806143058489,RAW
COMPLETE,matrix_32_raw_0_1,7,100,100,0,1608,0,1,2818.220896824182,2118.71559574519,29.52025436356896,699.5053010789918,0.2482037186746641,0.00387417075261381,88.10371956107016,1.8311722993013848,0.05656937037123381,NA,1.0571666620751066,NA,0.6960762744838292,1.748062255933752,RAW
COMPLETE,matrix_32_raw_0_1,8,100,100,0,1608,0,1,2818.220896824182,2085.3750854846244,29.33585451732723,732.8458113395578,0.26003522652517636,0.00386658893460289,80.33193963665101,1.615100593403787,0.05187027683667246,NA,1.0648853813381671,NA,0.6566816979752306,1.8326736562478905,RAW
COMPLETE,matrix_32_z_abs,2,100,100,0,1608,0,1,15987.341212452491,14012.478300534658,157.74862637330503,1974.8629119178331,0.123518085458185,0.00345489320977933,226.35348134631863,7.21791680800573,0.12513671536681212,NA,2.2202858599682647,NA,2.2202858599682647,2.2202858599682647,Z_ABS
COMPLETE,matrix_32_z_abs,3,100,100,0,1608,0,1,15987.341212452491,13487.102736011822,148.47718223972697,2500.2384764406697,0.15637497571306042,0.00404043661740447,148.77361899226557,4.557531437763199,0.06763932706998202,NA,2.2531773765233796,NA,1.6863567261517205,3.3265917029497953,Z_ABS
COMPLETE,matrix_32_z_abs,4,100,100,0,1608,0,1,15987.341212452491,13161.650079625077,146.32547105652912,2825.6911328274164,0.17673235173461577,0.0041146720678178,114.79393556155772,3.2493339326098996,0.06514293781463347,NA,2.1805891831843223,NA,1.4590964616719118,3.6420111102262105,Z_ABS
COMPLETE,matrix_32_z_abs,5,100,100,0,1608,0,1,15987.341212452491,12906.197883747269,145.59488198890557,3081.1433287052223,0.1927120813882423,0.00411426732257454,95.67798533014287,2.532509370782562,0.06119581793072878,NA,2.160663222649879,NA,1.4588118320845898,3.8602409167276575,Z_ABS
COMPLETE,matrix_32_z_abs,6,100,100,0,1608,0,1,15987.341212452491,12702.932557260336,141.69486586690255,3284.408655192155,0.20542409841977505,0.00427399927971374,82.84554154486104,2.171913371522667,0.04954505550153318,NA,2.18908963679306,NA,1.4010238169014118,4.120560287513193,Z_ABS
COMPLETE,matrix_32_z_abs,7,100,100,0,1608,0,1,15987.341212452491,12529.25311266118,140.41683624918713,3458.088099791312,0.21628857509884375,0.00416913062352465,73.65017468526354,1.8127568919378985,0.04472105785911135,NA,2.202831952752108,NA,1.3711941316026044,4.257192086255124,Z_ABS
COMPLETE,matrix_32_z_abs,8,100,100,0,1608,0,1,15987.341212452491,12380.47764030729,138.82168279590573,3606.863572145202,0.22559397237378104,0.00423618705468264,66.59440818870324,1.615398636969514,0.04191887282858382,NA,2.2313752956350728,NA,1.337515141470707,4.409036609125061,Z_ABS
EUROPE,matrix_32_ext_0_1,2,100,100,0,1000,0,1,4713.972533062303,4133.180789337255,41.73668176313997,580.7917437250483,0.12318992101832645,0.00454642227848412,140.2471335235398,5.900898925372455,0.1282142246220345,NA,1.5664730688241344,NA,1.5664730688241344,1.5664730688241344,EXT
EUROPE,matrix_32_ext_0_1,3,100,100,0,1000,0,1,4713.972533062303,3949.136491106808,42.62330514526925,764.8360419554954,0.1622336741680785,0.00528348210358529,96.5580793057358,3.751277771826043,0.0770114277490831,NA,1.5885621190554204,NA,1.178631613112447,2.250238212224143,EXT
EUROPE,matrix_32_ext_0_1,4,100,100,0,1000,0,1,4713.972533062303,3814.2715166348553,42.45846849437678,899.7010164274479,0.19084377083287068,0.00555582380132046,78.32311740865431,2.819364344328094,0.06989367970286009,NA,1.5819665131769096,NA,1.1060246618772642,2.5809989849300967,EXT
EUROPE,matrix_32_ext_0_1,5,100,100,0,1000,0,1,4713.972533062303,3727.3862321716433,41.42942431395801,986.58630089066,0.20927362866761703,0.00568304098013181,65.85027508020575,2.2634421313243256,0.0644569919254163,NA,1.5855863150711489,NA,1.044381765648774,2.7723260311811613,EXT
EUROPE,matrix_32_ext_0_1,6,100,100,0,1000,0,1,4713.972533062303,3658.4506782460385,41.31291956255456,1055.5218548162643,0.22389792187983365,0.00574365175452397,57.36576411485894,1.8962380909431324,0.05852239238251718,NA,1.6118905458944126,NA,1.0126982676990055,2.960585472060998,EXT
EUROPE,matrix_32_ext_0_1,7,100,100,0,1000,0,1,4713.972533062303,3600.685273802875,40.58162534315102,1113.287259259428,0.2361520994620661,0.00565173852693633,51.177921536709995,1.6042076147372166,0.05572788549389609,NA,1.614465915444239,NA,0.9991243286048944,3.0836741717177483,EXT
EUROPE,matrix_32_ext_0_1,8,100,100,0,1000,0,1,4713.972533062303,3550.317254855108,39.99071605264018,1163.6552782071951,0.24683693291027903,0.00559384944087433,46.45483251353644,1.398523853626343,0.05551863595757136,NA,1.6146509249272305,NA,1.0069335970373987,3.155762297715946,EXT
EUROPE,matrix_32_pos_0_1,2,100,100,0,1000,0,1,697.8815896096347,608.3460753660588,8.337850612291264,89.53551424357599,0.1282583338091099,0.00538340199851023,146.87782069040315,7.0737793770598625,0.13941379016362865,NA,0.6330898907835817,NA,0.6330898907835817,0.6330898907835817,POS
EUROPE,matrix_32_pos_0_1,3,100,100,0,1000,0,1,697.8815896096347,580.250485797134,7.773575730826251,117.63110381250073,0.16851190846043132,0.00562628321126712,101.05469877939022,4.056189749185144,0.07369887674518467,NA,0.6576462966750087,NA,0.44530971352819154,0.9373145805653352,POS
EUROPE,matrix_32_pos_0_1,4,100,100,0,1000,0,1,697.8815896096347,558.1491286306817,7.407605350207316,139.73246097895304,0.2001804432221926,0.0055396072026166,83.11335801595646,2.877824979733816,0.06942332314621792,NA,0.6454332163206716,NA,0.4491778870216078,1.0427415302705618,POS
EUROPE,matrix_32_pos_0_1,5,100,100,0,1000,0,1,697.8815896096347,544.0300289917741,7.200549566746528,153.85156061786066,0.2204100419197537,0.00575438342438226,70.3452329820103,2.3591873895781608,0.05813568980530641,NA,0.6657579123442701,NA,0.4143198545703136,1.1387617091035536,POS
EUROPE,matrix_32_pos_0_1,6,100,100,0,1000,0,1,697.8815896096347,532.2265263987923,7.200529103941514,165.65506321084248,0.23732568169150536,0.00585298190427114,61.87695108856197,2.0047803183650754,0.05286553718470099,NA,0.6813230833802423,NA,0.4136364301060637,1.2320482074584669,POS
EUROPE,matrix_32_pos_0_1,7,100,100,0,1000,0,1,697.8815896096347,522.2438037877029,7.31219890188721,175.63778582193189,0.251634587163057,0.00588093675411519,55.662196612329446,1.7414647215109649,0.0488405747040016,NA,0.6939825974781353,NA,0.40845846853436657,1.302872363303592,POS
EUROPE,matrix_32_pos_0_1,8,100,100,0,1000,0,1,697.8815896096347,513.5755139810971,7.206162959840685,184.30607562853768,0.26405384451943353,0.0061058445731671,50.85952534223216,1.599841459594035,0.04786666404277024,NA,0.7135051584587159,NA,0.4002999712227105,1.3804276922571146,POS
EUROPE,matrix_32_raw_0_1,2,100,100,0,1000,0,1,1784.6570245711814,1620.0740414353936,26.57581059346139,164.58298313578769,0.09220529574581776,0.00328486762071408,101.38176335819276,3.9799418602004017,0.08400209526515819,NA,0.8157308718414852,NA,0.8157308718414852,0.8157308718414852,RAW
EUROPE,matrix_32_raw_0_1,3,100,100,0,1000,0,1,1784.6570245711814,1505.633015294487,24.551135841843504,279.0240092766944,0.15632253991754275,0.00471362689652368,92.38390230713004,3.306617366510265,0.07878629711066824,NA,0.9193746620240524,NA,0.8815070009258815,0.9532208912718864,RAW
EUROPE,matrix_32_raw_0_1,4,100,100,0,1000,0,1,1784.6570245711814,1452.4675953825251,23.878425767643293,332.1894291886562,0.18611554869960015,0.00451687669447547,75.93277584417301,2.2684190699012676,0.06567253740640469,NA,0.9465396835856892,NA,0.7760592834258062,1.1920783894134244,RAW
EUROPE,matrix_32_raw_0_1,5,100,100,0,1000,0,1,1784.6570245711814,1408.9057938525996,23.376492239939157,375.7512307185818,0.2105246289698106,0.00482813360617229,66.34436137592326,1.9327292849009965,0.05949579668175386,NA,1.003555424811284,NA,0.7505672085899348,1.450510517691715,RAW
EUROPE,matrix_32_raw_0_1,6,100,100,0,1000,0,1,1784.6570245711814,1376.2521231720586,22.842801538612175,408.40490139912265,0.22882087863804668,0.00489649097228314,58.99738028068749,1.6415610537761467,0.05449041769781808,NA,1.0258181087464546,NA,0.7368376776659602,1.540978577158394,RAW
EUROPE,matrix_32_raw_0_1,7,100,100,0,1000,0,1,1784.6570245711814,1349.6745937130966,22.736459370584804,434.98243085808474,0.24371567212498935,0.00494946408852927,53.34234530101936,1.4359876213345644,0.05031192496086006,NA,1.0471382507535585,NA,0.7072405652286369,1.6345313540962358,RAW
EUROPE,matrix_32_raw_0_1,8,100,100,0,1000,0,1,1784.6570245711814,1327.9963538702111,22.48883300897787,456.66067070097006,0.2558629120830228,0.0050539577871653,48.73553240454338,1.2966355371232088,0.04809346463607598,NA,1.0695367283870754,NA,0.6673538879783432,1.7480611676103892,RAW
EUROPE,matrix_32_z_abs,2,100,100,0,1000,0,1,10071.051139477597,8942.589841022134,126.04250723648842,1128.4612984554617,0.11204798787700718,0.00424211477942606,125.95998946658676,5.36576539475958,0.11384382316179084,NA,2.127790820679031,NA,2.127790820679031,2.127790820679031,Z_ABS
EUROPE,matrix_32_z_abs,3,100,100,0,1000,0,1,10071.051139477597,8623.117035536636,121.49122349925452,1447.9341039409594,0.14376629518455475,0.00479215613136257,83.71890893466366,3.2573799653283895,0.06148620545271659,NA,2.1881102084035717,NA,1.6448237415942233,3.195756434428344,Z_ABS
EUROPE,matrix_32_z_abs,4,100,100,0,1000,0,1,10071.051139477597,8395.513643703693,119.53377713709364,1675.5374957739025,0.16636691752403668,0.00484932979864728,66.27009253611389,2.3173512071191475,0.05886399563662382,NA,2.1523766653467424,NA,1.4717461408070145,3.5332105328431407,Z_ABS
EUROPE,matrix_32_z_abs,5,100,100,0,1000,0,1,10071.051139477597,8216.696746843652,118.869273510285,1854.3543926339432,0.1841253335259364,0.0047235288317328,56.147638193074,1.766161755005455,0.0592726738648637,NA,2.166497039214666,NA,1.504846127535389,3.7572189278722257,Z_ABS
EUROPE,matrix_32_z_abs,6,100,100,0,1000,0,1,10071.051139477597,8076.861877943581,116.48846039787348,1994.1892615340148,0.19800855936256576,0.00483182879478319,49.09185891752887,1.4945614981722937,0.0514638889271266,NA,2.216162564589945,NA,1.4675744576725227,4.023056258483008,Z_ABS
EUROPE,matrix_32_z_abs,7,100,100,0,1000,0,1,10071.051139477597,7955.530828591698,114.13743106626691,2115.5203108858973,0.2100563809051375,0.00457494522275114,44.015580821469705,1.2135245220647546,0.04554531266445648,NA,2.2546769360929413,NA,1.4337213237682855,4.232936894908125,Z_ABS
EUROPE,matrix_32_z_abs,8,100,100,0,1000,0,1,10071.051139477597,7850.115421928851,114.03118107107264,2220.935717548745,0.22052442682659265,0.00470682074041987,40.099498144279714,1.0982951839335957,0.04342350272596051,NA,2.3181981142620782,NA,1.417808196904382,4.4432702927616035,Z_ABS
LATAM,matrix_32_ext_0_1,2,100,100,0,608,0,1,2980.992314486818,2479.0580779128536,26.592273070665225,501.93423657396426,0.16835079821310064,0.0074126993081862,122.73008449315198,6.513012339808012,0.15501311624973435,NA,1.822929991342439,NA,1.822929991342439,1.822929991342439,EXT
LATAM,matrix_32_ext_0_1,3,100,100,0,608,0,1,2980.992314486818,2321.2287554357704,26.570527561822143,659.7635590510477,0.22129857885896223,0.00752681321301852,86.00324366316332,3.7616367897279392,0.1160207397681421,NA,1.738779336854839,NA,1.4199848165535949,2.2994500821929735,EXT
LATAM,matrix_32_ext_0_1,4,100,100,0,608,0,1,2980.992314486818,2213.1028001819227,26.63123799442304,767.889514304895,0.2575704481987316,0.00779821715854185,69.87801158623313,2.847871055301165,0.11308991641080555,NA,1.7613456623640895,NA,1.3751186439903165,2.735495686619475,EXT
LATAM,matrix_32_ext_0_1,5,100,100,0,608,0,1,2980.992314486818,2147.736448684768,26.00311114742395,833.2558658020503,0.2794940467645127,0.00808506381294936,58.504025201528606,2.3454188754680168,0.10391666286564125,NA,1.7790770982694286,NA,1.2769817625813022,2.8960037474051132,EXT
LATAM,matrix_32_ext_0_1,6,100,100,0,608,0,1,2980.992314486818,2095.501944666974,25.548780827443952,885.4903698198441,0.29701784568896517,0.00789343232864223,50.8917252959304,1.9230569048326824,0.10012963270320868,NA,1.792776002963321,NA,1.2460723970709473,3.0237610829355317,EXT
LATAM,matrix_32_ext_0_1,7,100,100,0,608,0,1,2980.992314486818,2052.327117810285,26.03098110076344,928.6651966765336,0.31150155376219785,0.00811981293273866,45.33903877005258,1.7151092233762604,0.0976717924366378,NA,1.80189373761074,NA,1.2212836128048692,3.107052109133516,EXT
LATAM,matrix_32_ext_0_1,8,100,100,0,608,0,1,2980.992314486818,2012.9748661499395,26.603436653213887,968.0174483368784,0.3247073999622116,0.00798447144387701,41.23239690255464,1.5017733132193802,0.0970778718862277,NA,1.8311193280807527,NA,1.1863771133928398,3.18323081080936,EXT
LATAM,matrix_32_pos_0_1,2,100,100,0,608,0,1,433.5299406842086,365.3517736860592,6.066814249757968,68.17816699814942,0.15721090255125933,0.00771580595732365,113.10088608182367,6.596696596918018,0.16257542161127753,NA,0.6846174447065577,NA,0.6846174447065577,0.6846174447065577,POS
LATAM,matrix_32_pos_0_1,3,100,100,0,608,0,1,433.5299406842086,344.84006975581116,5.786124937018843,88.68987092839745,0.2045153155767298,0.0086848487049917,77.81638323875698,4.171077520973109,0.1141565911497042,NA,0.6829603908539486,NA,0.5419278557092503,0.9021487272185682,POS
LATAM,matrix_32_pos_0_1,4,100,100,0,608,0,1,433.5299406842086,329.2404995023407,5.587847441064232,104.2894411818679,0.24049738462881248,0.00881330995456784,63.78787060239073,3.0852069894192566,0.09980475111038337,NA,0.6912101934761562,NA,0.4970543395120535,1.0358054675544217,POS
LATAM,matrix_32_pos_0_1,5,100,100,0,608,0,1,433.5299406842086,317.14766455911285,5.442674610666935,116.3822761250958,0.26838550100439756,0.00934947923294531,55.33450745056029,2.638144449390531,0.08630459436914646,NA,0.7139140135526992,NA,0.4639817085835207,1.1468832326494092,POS
LATAM,matrix_32_pos_0_1,6,100,100,0,608,0,1,433.5299406842086,307.4954659845922,5.3489149229765705,126.03447469961638,0.29064832224793247,0.00955457729614527,49.3629522001042,2.287709129412296,0.08713860139288998,NA,0.72803795449524,NA,0.4651522215819944,1.2305458441449395,POS
LATAM,matrix_32_pos_0_1,7,100,100,0,608,0,1,433.5299406842086,299.4386634566084,5.042781207677984,134.09127722760016,0.3092314744549452,0.00901953636053097,44.86540423473286,1.8955926829461769,0.08925516696310255,NA,0.7453765783701962,NA,0.46305334607919546,1.276691026087273,POS
LATAM,matrix_32_pos_0_1,8,100,100,0,608,0,1,433.5299406842086,292.4392602833979,4.9648483626646724,141.09068040081073,0.32537297278135563,0.00932730042193546,41.36408130794746,1.7563750605138753,0.08889161578771242,NA,0.7557345769543167,NA,0.4572467892400373,1.32857182880659,POS
LATAM,matrix_32_raw_0_1,2,100,100,0,608,0,1,978.2636844687484,870.1195943158292,18.63554640716843,108.14409015291936,0.1105191297953078,0.00618990318993565,75.32892282108479,4.73958736481261,0.10092259610472595,NA,0.8506873424254485,NA,0.8506873424254485,0.8506873424254485,RAW
LATAM,matrix_32_raw_0_1,3,100,100,0,608,0,1,978.2636844687484,808.819396042088,17.945250665759914,169.44428842666056,0.17318982486594162,0.0067066668176226,63.3878014221259,2.975809859730871,0.09540661239379432,NA,0.932167875239926,NA,0.8173973821013395,1.0413047386409728,RAW
LATAM,matrix_32_raw_0_1,4,100,100,0,608,0,1,978.2636844687484,767.1914777724676,17.624544947218578,211.0722066962809,0.21573671567380345,0.00854908348748658,55.41344234136141,2.804870593702548,0.09638979674027362,NA,1.0584573705987868,NA,0.8020100454051562,1.627007216363887,RAW
LATAM,matrix_32_raw_0_1,5,100,100,0,608,0,1,978.2636844687484,735.9118213919979,16.792960018067035,242.35186307675053,0.24770134021066964,0.00893690391422476,49.66392147174965,2.388079278768309,0.09833530577231232,NA,1.087061146296282,NA,0.7965499089301631,1.785884702147385,RAW
LATAM,matrix_32_raw_0_1,6,100,100,0,608,0,1,978.2636844687484,713.4616108207132,16.328084201989043,264.80207364803533,0.2706431254604565,0.00944441713775717,44.704331149892226,2.1372292670829904,0.09691117234951473,NA,1.1298762800036286,NA,0.7659330079813377,1.945483151439276,RAW
LATAM,matrix_32_raw_0_1,7,100,100,0,608,0,1,978.2636844687484,695.5332651782384,16.10929597299901,282.73041929051016,0.2889677464387445,0.00978874361863396,40.7347655455136,1.940070542577899,0.09408334145315088,NA,1.172659922683157,NA,0.7195976805802982,2.113295706283618,RAW
LATAM,matrix_32_raw_0_1,8,100,100,0,608,0,1,978.2636844687484,679.8466423866752,15.199143557037782,298.41704208207335,0.3049938959699655,0.00938386477218187,37.63677611722195,1.6640070504058229,0.0958129771495914,NA,1.2035312787640358,NA,0.7012753692224176,2.1330049920463643,RAW
LATAM,matrix_32_z_abs,2,100,100,0,608,0,1,6667.492574596145,5900.327909082013,140.73162928941846,767.1646655141316,0.11500040145656114,0.00559776122639109,78.77321895633843,4.335222297666223,0.14281995145307777,NA,2.312832716092626,NA,2.312832716092626,2.312832716092626,Z_ABS
LATAM,matrix_32_z_abs,3,100,100,0,608,0,1,6667.492574596145,5622.284987972015,123.07597933518204,1045.2075866241291,0.15664952707705626,0.00763182255326071,56.21751425530636,3.254229646984231,0.09837268132926962,NA,2.5408312470786356,NA,1.8830837529939812,3.4456318542344015,Z_ABS
LATAM,matrix_32_z_abs,4,100,100,0,608,0,1,6667.492574596145,5432.735643190567,116.78631638906248,1234.7569314055768,0.18506281740076871,0.00861926954649122,45.7480704585592,2.6359477618637475,0.08624117336860165,NA,2.6527216739675374,NA,1.7630170014493398,4.013080117496712,Z_ABS
LATAM,matrix_32_z_abs,5,100,100,0,608,0,1,6667.492574596145,5283.250380749011,112.2965507559167,1384.2421938471334,0.20746638559237968,0.00974720145285765,39.49166433158053,2.375104245793681,0.08360209903600026,NA,2.90285907687218,NA,1.725540260222384,4.763561646971955,Z_ABS
LATAM,matrix_32_z_abs,6,100,100,0,608,0,1,6667.492574596145,5154.769035888506,113.08782577174011,1512.723538707639,0.22674601365287272,0.00990416729610435,35.33127678582293,2.0229233478101314,0.07907842164210507,NA,3.04121469793264,NA,1.677876827583049,5.288657166205843,Z_ABS
LATAM,matrix_32_z_abs,7,100,100,0,608,0,1,6667.492574596145,5038.016053914255,105.56600890189134,1629.4765206818893,0.24423136083602331,0.01063220133972391,32.3958229560861,1.8915245260107032,0.07726621450383268,NA,3.196331189110697,NA,1.62449063289783,5.823984708053876,Z_ABS
LATAM,matrix_32_z_abs,8,100,100,0,608,0,1,6667.492574596145,4934.48166112815,105.85481052389244,1733.0109134679938,0.2597647405520388,0.01079140511993733,30.103740970584415,1.7134028572129598,0.07842853979659987,NA,3.28986840961055,NA,1.6010684785983171,6.1375570584955925,Z_ABS
DIEGO,matrix_32_ext_0_1,2,100,100,0,251.22,0,1,1139.1016758063158,1090.486151371273,48.43009141234664,48.615524435042666,0.04268266333609902,0.00172950208218161,11.111126550214424,0.6427043706440522,0.03987305377427595,NA,0.8844849176003096,NA,0.8844849176003096,0.8844849176003096,EXT
DIEGO,matrix_32_ext_0_1,3,100,100,0,251.22,0,1,1139.1016758063158,1055.1847866009757,47.252028950113385,83.91688920534021,0.07368756584422112,0.00225647974500588,9.87111565385967,0.4842767995471845,0.03743755299680904,NA,1.0071928803401675,NA,0.9687287752477216,1.0455631645672838,EXT
DIEGO,matrix_32_ext_0_1,4,100,100,0,251.22,0,1,1139.1016758063158,1026.998254114254,46.21044107681824,112.1034216920618,0.09843969677231984,0.00261516170559718,8.996100268388943,0.41963284129059514,0.03757295568659431,NA,1.0990216691714518,NA,1.0262584459750026,1.1692766127029663,EXT
DIEGO,matrix_32_ext_0_1,5,100,100,0,251.22,0,1,1139.1016758063158,1003.1595420818868,46.02431379600751,135.94213372442883,0.11940001058749584,0.00327435544081038,8.342611503268548,0.34788375019761203,0.03894020073158689,NA,1.1718217919400638,NA,1.0716965019690177,1.274182479350948,EXT
DIEGO,matrix_32_ext_0_1,6,100,100,0,251.22,0,1,1139.1016758063158,981.8856554942778,45.032510699149014,157.21602031203795,0.13807421370817843,0.00329977564261157,7.853695029995123,0.3270423734341952,0.0404841120655513,NA,1.2365506003685014,NA,1.1042102828203997,1.373763891243739,EXT
DIEGO,matrix_32_ext_0_1,7,100,100,0,251.22,0,1,1139.1016758063158,962.9107700863374,44.63144094806156,176.19090571997836,0.15474697484230207,0.00380073647542573,7.448743359148245,0.3015442489596136,0.04244543998680433,NA,1.2911308382410116,NA,1.1434388066747316,1.4577306313230023,EXT
DIEGO,matrix_32_ext_0_1,8,100,100,0,251.22,0,1,1139.1016758063158,945.5381448390884,43.911976127487016,193.56353096722745,0.16999977621328444,0.00395227337852857,7.113712579581022,0.2868179248966914,0.04355842157255937,NA,1.3412865880154776,NA,1.156775768240499,1.5440802874673152,EXT
DIEGO,matrix_32_pos_0_1,2,100,100,0,251.22,0,1,182.59753389050863,171.81152874597842,7.82144024614101,10.786005144530188,0.05905959489893832,0.00439433626594061,15.64732479958318,1.39803637541929,0.06652738166535713,NA,0.4213873747804181,NA,0.4213873747804181,0.4213873747804181,POS
DIEGO,matrix_32_pos_0_1,3,100,100,0,251.22,0,1,182.59753389050863,165.34962827654624,7.626434060634521,17.24790561396238,0.09446927917453311,0.00491023102372904,12.947833659831682,0.8744273322241263,0.0455574193576412,NA,0.4623641909857705,NA,0.4199831600636761,0.5016082740949365,POS
DIEGO,matrix_32_pos_0_1,4,100,100,0,251.22,0,1,182.59753389050863,160.4283062031098,7.389972302245563,22.169227687398823,0.12141907136269324,0.00467112769995393,11.388685208588948,0.6599312611260859,0.03947865060256063,NA,0.4960260820744573,NA,0.4230734636123627,0.5741557264290907,POS
DIEGO,matrix_32_pos_0_1,5,100,100,0,251.22,0,1,182.59753389050863,156.31190093976898,7.275498753092213,26.285632950739636,0.14397951635116463,0.00494406244671404,10.351909872271612,0.543814081561539,0.03916146203451574,NA,0.5243890743301884,NA,0.4280160767930155,0.629702234662699,POS
DIEGO,matrix_32_pos_0_1,6,100,100,0,251.22,0,1,182.59753389050863,152.71855113502502,7.156609967967237,29.878982755483595,0.16366991618352156,0.00496261557010787,9.596285449271956,0.47503098196844673,0.03921760155237579,NA,0.549967438001385,NA,0.43550118235237073,0.6873711488135132,POS
DIEGO,matrix_32_pos_0_1,7,100,100,0,251.22,0,1,182.59753389050863,149.54332439862796,7.044535557156045,33.05420949188066,0.1810666739216216,0.00508482851289883,8.99782768106632,0.4310713657181723,0.04050323021499048,NA,0.5700202387030636,NA,0.44144344167425026,0.7241047467130084,POS
DIEGO,matrix_32_pos_0_1,8,100,100,0,251.22,0,1,182.59753389050863,146.58832243316047,6.93016636387361,36.00921145734815,0.19725428403505751,0.00515201827851876,8.535955639627023,0.39374205279503327,0.04108200689570947,NA,0.59046412951806,NA,0.4478567307345499,0.7638506766314468,POS
DIEGO,matrix_32_raw_0_1,2,100,100,0,251.22,0,1,520.1978701910549,482.5621104229239,22.454085835722136,37.63575976813103,0.07232523760356835,0.00533312314503562,19.44172181037309,1.7948178907291386,0.06618255754677457,NA,0.7806852592043744,NA,0.7806852592043744,0.7806852592043744,RAW
DIEGO,matrix_32_raw_0_1,3,100,100,0,251.22,0,1,520.1978701910549,463.63741044471465,21.68947768603808,56.5604597463403,0.10871249470187964,0.0055727904514073,15.142883757990468,1.0860862847158963,0.05166713187627916,NA,0.8234705572092839,NA,0.7245995670469392,0.9486374504779876,RAW
DIEGO,matrix_32_raw_0_1,4,100,100,0,251.22,0,1,520.1978701910549,449.7350761335686,21.213711207740143,70.46279405748632,0.135453097875469,0.00564135099570559,12.91297454216059,0.807200274508909,0.04832539758479646,NA,0.8639680371373561,NA,0.7378977873975728,1.0941759035851777,RAW
DIEGO,matrix_32_raw_0_1,5,100,100,0,251.22,0,1,520.1978701910549,438.3575038997838,20.7806092059516,81.84036629127111,0.15733282591730127,0.0057909600888122,11.49384899067898,0.6735030708621356,0.04743505437334223,NA,0.9028843708164954,NA,0.7497987926052663,1.2085037555856142,RAW
DIEGO,matrix_32_raw_0_1,6,100,100,0,251.22,0,1,520.1978701910549,428.7108694798954,20.393341145425193,91.48700071115952,0.17588202643876788,0.00588651144354516,10.467544023484264,0.586873831952429,0.04760422674742255,NA,0.9365472306100148,NA,0.757950092891377,1.3028207777364518,RAW
DIEGO,matrix_32_raw_0_1,7,100,100,0,251.22,0,1,520.1978701910549,420.1861836702428,20.129960903300933,100.01168652081212,0.19228183985208863,0.0058546712280458,9.689483491085834,0.5127188619821456,0.04834753863354048,NA,0.9655896618609806,NA,0.766190958732125,1.3628212179229504,RAW
DIEGO,matrix_32_raw_0_1,8,100,100,0,251.22,0,1,520.1978701910549,412.44865398501867,19.8093069792291,107.74921620603628,0.20716002202455217,0.0057405259691756,9.07808772459638,0.4589943272825738,0.04878980311674091,NA,0.9936857087131944,NA,0.7744205150957786,1.4189955047252858,RAW
DIEGO,matrix_32_z_abs,2,100,100,0,251.22,0,1,2368.588427148321,2269.8160129288935,110.33688804826544,98.7724142194276,0.04171071777776898,0.00190487009409541,10.845049151125831,0.6394170761585641,0.0409843269126763,NA,1.2690150220570522,NA,1.2690150220570522,1.2690150220570522,Z_ABS
DIEGO,matrix_32_z_abs,3,100,100,0,251.22,0,1,2368.588427148321,2197.0003652937767,107.32915328526452,171.5880618545447,0.07246277957558644,0.00250087597367018,9.693614301345296,0.49268965852686936,0.03595600897521043,NA,1.4501070373047042,NA,1.3664668273881706,1.5243259423102968,Z_ABS
DIEGO,matrix_32_z_abs,4,100,100,0,251.22,0,1,2368.588427148321,2138.5288607556513,104.73619798246806,230.0595663926697,0.09715280366849229,0.00293717395258918,8.865619616376527,0.43073463594259626,0.03554525336810132,NA,1.5909391094056384,NA,1.4417070908354472,1.739521314715672,Z_ABS
DIEGO,matrix_32_z_abs,5,100,100,0,251.22,0,1,2368.588427148321,2088.3873352367973,103.25676553963584,280.20109191152375,0.11833969903987678,0.00345147981384853,8.259484494351918,0.376910801816509,0.03639304996934075,NA,1.7088764019544047,NA,1.4990337291133455,1.9324303547522628,Z_ABS
DIEGO,matrix_32_z_abs,6,100,100,0,251.22,0,1,2368.588427148321,2043.6849006742807,102.0136354738447,324.9035264740405,0.13723174546274247,0.00364056147673963,7.797840772700235,0.3309926553439216,0.03774883357308525,NA,1.8142110943998877,NA,1.5274539225228143,2.1233708677294594,Z_ABS
DIEGO,matrix_32_z_abs,7,100,100,0,251.22,0,1,2368.588427148321,2003.347360781641,100.08495620904412,365.24106636667983,0.15426103776013525,0.00386262872919214,7.421534438716745,0.31579876633456805,0.03903772900295126,NA,1.894938906813822,NA,1.5694472554094117,2.267875989788993,Z_ABS
DIEGO,matrix_32_z_abs,8,100,100,0,251.22,0,1,2368.588427148321,1967.5169783063336,98.69266030677066,401.07144884198766,0.16939429539627035,0.00420166207734118,7.083495190430287,0.3011694763688112,0.04008255494816542,NA,1.9720829127328243,NA,1.60370156634584,2.4377403941441216,Z_ABS
RENOVISOR,matrix_32_ext_0_1,2,100,100,0,610.49,0,1,2896.7290873920906,2418.1489547289366,45.80236041525743,478.5801326631542,0.16520812862139758,0.00696959022842035,120.4569687877594,5.9850676497426285,0.1549103843036063,NA,1.7776474235263895,NA,1.7776474235263895,1.7776474235263895,EXT
RENOVISOR,matrix_32_ext_0_1,3,100,100,0,610.49,0,1,2896.7290873920906,2275.238756513788,43.95390781401948,621.4903308783028,0.21453538588516224,0.0080543337197638391,82.99630938059816,3.981935517977806,0.11422754850410978,NA,1.7442553035957051,NA,1.3772712812198564,2.3493530128848104,EXT
RENOVISOR,matrix_32_ext_0_1,4,100,100,0,610.49,0,1,2896.7290873920906,2176.74617657114,43.791253013277725,719.9829108209508,0.24853958939880272,0.00858116794437781,66.8911046523509,3.034324780685514,0.10793431238347174,NA,1.7585554643880503,NA,1.3107640236580118,2.7974952466279897,EXT
RENOVISOR,matrix_32_ext_0_1,5,100,100,0,610.49,0,1,2896.7290873920906,2118.3618957718513,43.48303035909557,778.3671916202392,0.2686985203697688,0.0085829261749244,55.63991774944048,2.3934040287032348,0.09126176390182011,NA,1.7604403695195618,NA,1.1946585155724885,2.995547243753373,EXT
RENOVISOR,matrix_32_ext_0_1,6,100,100,0,610.49,0,1,2896.7290873920906,2069.9117733416388,43.18290223134759,826.8173140504518,0.28542553953901983,0.00872341855781248,48.31031071333728,2.0366256958581266,0.0863015810225784,NA,1.765248816132055,NA,1.1546871031325177,3.151681917357158,EXT
RENOVISOR,matrix_32_ext_0_1,7,100,100,0,610.49,0,1,2896.7290873920906,2027.535242012254,41.877498473618374,869.1938453798366,0.30005305625127876,0.00844718627855464,43.133158505299605,1.706354067712848,0.08491419278643694,NA,1.7750779516333623,NA,1.1350998282716038,3.256625924598727,EXT
RENOVISOR,matrix_32_ext_0_1,8,100,100,0,610.49,0,1,2896.7290873920906,1989.7946855625112,42.02060149245592,906.9344018295792,0.3130875434780004,0.00836648418214568,39.24347440283084,1.491712764346472,0.08329264428003953,NA,1.801417203607334,NA,1.1205024866832285,3.3595967183668005,EXT
RENOVISOR,matrix_32_pos_0_1,2,100,100,0,610.49,0,1,400.50407571036624,342.68676118768275,7.679663529537173,57.81731452268349,0.1442999788724392,0.0079371587960802,102.6681562387134,6.659297125438003,0.16410481976680844,NA,0.6545874358915357,NA,0.6545874358915357,0.6545874358915357,POS
RENOVISOR,matrix_32_pos_0_1,3,100,100,0,610.49,0,1,400.50407571036624,322.2777567677895,7.144410662011036,78.22631894257668,0.1952451720717582,0.00873683374774685,73.73111936164221,4.0967890828613225,0.09108471381775736,NA,0.6825010125952087,NA,0.4641474509000017,0.9460259712183148,POS
RENOVISOR,matrix_32_pos_0_1,4,100,100,0,610.49,0,1,400.50407571036624,306.63405289300107,6.921130811910072,93.87002281736515,0.2343090059483468,0.00888357827253863,61.89442260607908,3.070060913950865,0.08573699994059739,NA,0.6903643841829319,NA,0.4689129730056248,1.0736349612907536,POS
RENOVISOR,matrix_32_pos_0_1,5,100,100,0,610.49,0,1,400.50407571036624,296.671347895886,6.775630683565449,103.8327278144802,0.25918202996879786,0.00935685280886833,52.98695185436618,2.5852731042716335,0.07875040797174805,NA,0.7272590855017952,NA,0.4500317297228693,1.214563875746942,POS
RENOVISOR,matrix_32_pos_0_1,6,100,100,0,610.49,0,1,400.50407571036624,288.5097225909692,6.656561101036719,111.994353119397,0.2795604181837432,0.00957370856139495,46.93892169858331,2.231417522665655,0.0750253652640876,NA,0.7438308956249788,NA,0.4406369393256672,1.3075392591592732,POS
RENOVISOR,matrix_32_pos_0_1,7,100,100,0,610.49,0,1,400.50407571036624,281.7869631961682,6.537806319114896,118.71711251419804,0.296344849242884,0.00971992099130939,42.38269500690576,1.9602113223559137,0.0737025850743444,NA,0.7501235177563557,NA,0.4281625054709364,1.3720715652245186,POS
RENOVISOR,matrix_32_pos_0_1,8,100,100,0,610.49,0,1,400.50407571036624,275.86282937433486,6.306884887270017,124.64124633603134,0.31112597639268713,0.01000038352485142,38.89575849305271,1.8147903733257025,0.07416462130508962,NA,0.761881737325616,NA,0.4217546160848208,1.426098155184817,POS
RENOVISOR,matrix_32_raw_0_1,2,100,100,0,610.49,0,1,955.7422723004072,847.9381143961045,22.925277229011215,107.80415790430264,0.11279553817047466,0.00613929185747923,77.38475326405474,4.72649341762214,0.10097170334018309,NA,0.8498295598642676,NA,0.8498295598642676,0.8498295598642676,RAW
RENOVISOR,matrix_32_raw_0_1,3,100,100,0,610.49,0,1,955.7422723004072,796.6293672422327,21.450507427350633,159.11290505817453,0.1664731776115059,0.00642204431123972,60.68083926803521,2.8188378494996496,0.08350412676605998,NA,0.9004630705962349,NA,0.7476028092808189,1.0660995403778295,RAW
RENOVISOR,matrix_32_raw_0_1,4,100,100,0,610.49,0,1,955.7422723004072,758.4157218600668,20.42706721825079,197.32655044034036,0.20644744777847823,0.00723619857004601,52.61104883326325,2.340170045640684,0.08129807361030415,NA,0.9606763489774174,NA,0.7766773887260944,1.3152564573051242,RAW
RENOVISOR,matrix_32_raw_0_1,5,100,100,0,610.49,0,1,955.7422723004072,728.89144746049794,19.312969038403057,226.8508248399092,0.23732348202690967,0.00771482589424952,47.11986965697559,2.0309904918727035,0.07795741412110321,NA,1.0291248572148064,NA,0.7808690432055818,1.584423797507518,RAW
RENOVISOR,matrix_32_raw_0_1,6,100,100,0,610.49,0,1,955.7422723004072,706.6446607147444,18.73205160273378,249.0976115856628,0.26059333371171767,0.0082689605959077,42.62516512945498,1.824971628040554,0.07675293913793232,NA,1.0764083750790834,NA,0.7529297254752813,1.7329263542511413,RAW
RENOVISOR,matrix_32_raw_0_1,7,100,100,0,610.49,0,1,955.7422723004072,689.6495946909407,18.25801640014724,266.0926776094664,0.27837141122316966,0.00843781493700213,38.81516494149024,1.6284316541128938,0.0738305315290531,NA,1.116942262521452,NA,0.7054666959277526,1.8698236182214132,RAW
RENOVISOR,matrix_32_raw_0_1,8,100,100,0,610.49,0,1,955.7422723004072,674.8699919647117,17.624075385802197,280.8722803356954,0.29382550032245447,0.00858144011685907,35.827317555077194,1.4968923783381034,0.07196162163506206,NA,1.1496254465841194,NA,0.6838115849118384,2.004267523699157,RAW
RENOVISOR,matrix_32_z_abs,2,100,100,0,610.49,0,1,7548.00373395816,6706.111229339269,189.99950767231567,841.8925046188907,0.11151504349828856,0.00663084596166022,76.39225671175502,4.9556713015849185,0.1676055047554822,NA,2.523239335655072,NA,2.523239335655072,2.523239335655072,Z_ABS
RENOVISOR,matrix_32_z_abs,3,100,100,0,610.49,0,1,7548.00373395816,6435.025729252797,180.86738089618856,1112.9780047053628,0.14741517421125763,0.00762989397493717,52.5352965060822,3.086946499361876,0.09905800257858784,NA,2.6164868484911223,NA,1.9385236137084036,3.4350403968530157,Z_ABS
RENOVISOR,matrix_32_z_abs,4,100,100,0,610.49,0,1,7548.00373395816,6214.571462917506,172.98174849481353,1333.4322710406532,0.17661409167139103,0.00770486391775422,43.37649509494317,2.2214156166156096,0.08063775593269391,NA,2.7545757718842614,NA,1.7429701949276528,3.974809107246708,Z_ABS
RENOVISOR,matrix_32_z_abs,5,100,100,0,610.49,0,1,7548.00373395816,6036.656417559459,167.14651414976225,1511.3473163987005,0.20017479033271532,0.00835592508467859,37.89798355913739,1.9152303516472944,0.07512539118515332,NA,2.88684321041055,NA,1.747762518896257,4.320508135010351,Z_ABS
RENOVISOR,matrix_32_z_abs,6,100,100,0,610.49,0,1,7548.00373395816,5889.137296052226,162.36593856595994,1658.8664379059344,0.2197075622974438,0.00907339244941815,34.056505128587226,1.7616735848367122,0.07038050950625255,NA,3.030345944394173,NA,1.718762601329852,4.5958282255547385,Z_ABS
RENOVISOR,matrix_32_z_abs,7,100,100,0,610.49,0,1,7548.00373395816,5765.412521809928,157.573068051535,1782.5912121482315,0.23609028003401308,0.00933916994009546,31.099706602435948,1.5754509158200365,0.06885583384649434,NA,3.1435956307252577,NA,1.697248544459005,4.8560991800951845,Z_ABS
RENOVISOR,matrix_32_z_abs,8,100,100,0,610.49,0,1,7548.00373395816,5653.637976346859,155.71013983024483,1894.3657576113,0.25089800897688525,0.00966651756306145,28.84149124065561,1.4426447170529872,0.0662065667359971,NA,3.2599882663738557,NA,1.6210729366329455,5.178151320241393,Z_ABS
WHY_EUROPE,matrix_32_ext_0_1,2,100,100,0,138.29,0,1,614.3179813218925,513.3532103003679,38.92046329097155,100.9647710215246,0.16419325079736152,0.01713015271302288,26.8378338174626,3.84229489860884,0.1668964977733619,NA,1.749465420522494,NA,1.749465420522494,1.749465420522494,EXT
WHY_EUROPE,matrix_32_ext_0_1,3,100,100,0,138.29,0,1,614.3179813218925,479.43149083768986,36.60585525430956,134.88649048420257,0.21946883827068095,0.01574822260165774,19.049756441209833,2.2052545527156364,0.11532997327994524,NA,1.7132324785963498,NA,1.3852693428243703,2.1653391630846786,EXT
WHY_EUROPE,matrix_32_ext_0_1,4,100,100,0,138.29,0,1,614.3179813218925,454.0259855355998,35.38038615939064,160.2919957862927,0.26087496705747926,0.01730591704984961,15.823504451721288,1.770291761593043,0.09852171632385812,NA,1.7467591800187314,NA,1.34175429827569,2.5872195085032343,EXT
WHY_EUROPE,matrix_32_ext_0_1,5,100,100,0,138.29,0,1,614.3179813218925,436.5841348740078,34.574945307842484,177.73384644788464,0.289323597287348,0.01727155916688185,13.58237807588986,1.4224834579027803,0.0922656396688084,NA,1.803610086991882,NA,1.2752138931615633,2.7669597097357297,EXT
WHY_EUROPE,matrix_32_ext_0_1,6,100,100,0,138.29,0,1,614.3179813218925,421.99170121081227,33.92138418337671,192.3262801110802,0.31313878214212065,0.01693930193774073,12.07261549929324,1.1866506766720033,0.08967789365664329,NA,1.8474633428808047,NA,1.2421526337515305,2.917638854274818,EXT
WHY_EUROPE,matrix_32_ext_0_1,7,100,100,0,138.29,0,1,614.3179813218925,409.1870672231812,33.46416680938747,205.13091409871123,0.3340391627287352,0.01715263383134348,10.982957917446528,1.040482074307193,0.09076105876493558,NA,1.8878711343844217,NA,1.2365234980816215,3.017691528122017,EXT
WHY_EUROPE,matrix_32_ext_0_1,8,100,100,0,138.29,0,1,614.3179813218925,397.57728920184553,33.046044365223736,216.74069212004693,0.35299931450935323,0.01692369299688338,10.158805247515271,0.9124540627327324,0.08983496259257132,NA,1.932176675639118,NA,1.2129254025719958,3.1216731058794274,EXT
WHY_EUROPE,matrix_32_pos_0_1,2,100,100,0,138.29,0,1,81.22951381149038,68.7705787659036,5.447101587247601,12.458935045586797,0.15314261043870775,0.0140295850823725,24.68279521191868,3.175055101765127,0.15921450062435177,NA,0.618077907303708,NA,0.618077907303708,0.618077907303708,POS
WHY_EUROPE,matrix_32_pos_0_1,3,100,100,0,138.29,0,1,81.22951381149038,64.63866007518818,5.251845717289047,16.590853736302197,0.2041438845693393,0.01397826433269561,17.36133993600104,1.8148598268143208,0.10450993807130872,NA,0.6105692522617627,NA,0.4874857182898911,0.7631508626284627,POS
WHY_EUROPE,matrix_32_pos_0_1,4,100,100,0,138.29,0,1,81.22951381149038,61.504868339992946,5.103457449256658,19.724645471497436,0.2428265530423016,0.01383098819172397,14.35772840255963,1.3349090319699737,0.08869580598244776,NA,0.6320864320988542,NA,0.4663277301313272,0.8892447726791416,POS
WHY_EUROPE,matrix_32_pos_0_1,5,100,100,0,138.29,0,1,81.22951381149038,58.99797868077296,4.938419684284452,22.231535130717425,0.27371005013648164,0.01441674695675326,12.558992930777386,1.1259844586398613,0.0819829448624867,NA,0.6607396681343017,NA,0.4546823798625458,0.972041914320464,POS
WHY_EUROPE,matrix_32_pos_0_1,6,100,100,0,138.29,0,1,81.22951381149038,56.8885725805546,4.804180615523844,24.34094123093578,0.29970626185898125,0.01462025086922713,11.32299780174822,0.978295266256724,0.07942504538486779,NA,0.6862035278866442,NA,0.4447270145107919,1.037814182972497,POS
WHY_EUROPE,matrix_32_pos_0_1,7,100,100,0,138.29,0,1,81.22951381149038,55.03179379040277,4.7131227479167945,26.19772002108761,0.3226158712806132,0.01496744773459276,10.419484012693736,0.865742829108556,0.07986883962522093,NA,0.714310416190856,NA,0.43808102483682354,1.1005992602024368,POS
WHY_EUROPE,matrix_32_pos_0_1,8,100,100,0,138.29,0,1,81.22951381149038,53.372081532738775,4.640294774718067,27.85743227875161,0.3431008794073066,0.01524665870933223,9.718727436058932,0.785191191716994,0.07764704773023844,NA,0.7368290768390607,NA,0.42621969822610595,1.156912234593925,POS
WHY_EUROPE,matrix_32_raw_0_1,2,100,100,0,138.29,0,1,204.51911450300744,182.25302509207532,15.886521235121377,22.266089410932075,0.10882296471039105,0.01005259645735843,16.651954859966583,2.025322275770542,0.10175646262946908,NA,0.8116310530524361,NA,0.8116310530524361,0.8116310530524361,RAW
WHY_EUROPE,matrix_32_raw_0_1,3,100,100,0,138.29,0,1,204.51911450300744,169.06915524475954,14.6415753093643,35.44995925824786,0.17323142035419517,0.0108654557913525,14.177014546330778,1.3897380558095525,0.08865567720404134,NA,0.9037563825798643,NA,0.8158409635209715,0.9995185235453664,RAW
WHY_EUROPE,matrix_32_raw_0_1,4,100,100,0,138.29,0,1,204.51911450300744,159.68229558317884,13.894157245564712,44.83681891982856,0.21915200160839973,0.01114305186856091,12.566311681179352,1.148359456289118,0.0825501453976907,NA,0.9785163755733892,NA,0.797662212957513,1.204217496419005,RAW
WHY_EUROPE,matrix_32_raw_0_1,5,100,100,0,138.29,0,1,204.51911450300744,152.81250319384804,13.48133036740419,51.70661130915935,0.2528078400868367,0.01216710996590063,11.27464861787658,0.9850152596490378,0.07796467513109373,NA,1.060375599178335,NA,0.7725498083144672,1.4956111627338555,RAW
WHY_EUROPE,matrix_32_raw_0_1,6,100,100,0,138.29,0,1,204.51911450300744,147.20833457774833,13.142991964023985,57.31077992525906,0.28025783879557015,0.01321072532807839,10.3017496241909,0.8876600974863647,0.07482811097220142,NA,1.1215453063933094,NA,0.7442813829199421,1.691077643511257,RAW
WHY_EUROPE,matrix_32_raw_0_1,7,100,100,0,138.29,0,1,204.51911450300744,142.31251342957032,12.816032443487387,62.2066010734371,0.3042230206602649,0.01390212192858233,9.565952817743058,0.8044606889999496,0.07337596760324257,NA,1.1668464056100154,NA,0.7260055031505834,1.8497716721474584,RAW
WHY_EUROPE,matrix_32_raw_0_1,8,100,100,0,138.29,0,1,204.51911450300744,137.9408624149792,12.594583015797882,66.57825208802821,0.32565142163676064,0.01468283604148121,8.986096594557605,0.7435064421663041,0.07575290646955041,NA,1.2236560412778192,NA,0.7172783750490108,2.016968223934935,RAW
WHY_EUROPE,matrix_32_z_abs,2,100,100,0,138.29,0,1,1589.71040678084,1404.0410710871254,126.77377199341797,185.66933569371457,0.11647352443281628,0.01361848771894927,18.003658221974813,2.715265423062247,0.1518886944851078,NA,2.448053467911364,NA,2.448053467911364,2.448053467911364,Z_ABS
WHY_EUROPE,matrix_32_z_abs,3,100,100,0,138.29,0,1,1589.71040678084,1333.770893481567,119.6219111472328,255.93951329927293,0.1606114589546849,0.01571054535561447,12.969838651665944,1.7747300410210505,0.10579692274511623,NA,2.771288108745649,NA,2.036180885117815,3.594748252218439,Z_ABS
WHY_EUROPE,matrix_32_z_abs,4,100,100,0,138.29,0,1,1589.71040678084,1279.494915915521,115.8229854671832,310.215490865319,0.19480877971174831,0.01630637184833909,10.84790869899206,1.3448627350090767,0.08773955197910063,NA,3.0338911349933477,NA,1.9211752374614508,4.403921735429627,Z_ABS
WHY_EUROPE,matrix_32_z_abs,5,100,100,0,138.29,0,1,1589.71040678084,1233.7732056350833,112.48949651634751,355.9372011457566,0.2236138280729046,0.01662493728395363,9.610695208949608,1.113395526308381,0.07655719281889697,NA,3.2039226901983273,NA,1.8420631465456896,4.968078729295011,Z_ABS
WHY_EUROPE,matrix_32_z_abs,6,100,100,0,138.29,0,1,1589.71040678084,1193.6176697305198,110.03679190051665,396.0927370503203,0.2489400341456679,0.0166659952986287,8.778262311566415,0.9461576054600708,0.07059830931541192,NA,3.305244467227771,NA,1.797920695722666,5.369414627251248,Z_ABS
WHY_EUROPE,matrix_32_z_abs,7,100,100,0,138.29,0,1,1589.71040678084,1157.3103774351498,107.82366744482972,432.40002934569026,0.2718279458188686,0.017123997374690388,8.175014611355538,0.844666279535526,0.06594104550231285,NA,3.4112924129494604,NA,1.7574202108425594,5.76896940875252,Z_ABS
WHY_EUROPE,matrix_32_z_abs,8,100,100,0,138.29,0,1,1589.71040678084,1124.0487725734115,105.14076279867984,465.6616342074285,0.2927779611875533,0.01692442797934178,7.710331118562311,0.7625650699473729,0.06384347642575204,NA,3.5217552283089506,NA,1.7104116281551274,6.1051129841327185,Z_ABS
WHY_LATAM,matrix_32_ext_0_1,2,100,100,0,608,0,1,2980.992314486818,2479.0547891423357,26.591859044547473,501.93752534448214,0.16835191425464888,0.00741107946448529,122.73103743652064,6.511604072437652,0.15442538363891342,NA,1.8227609893575143,NA,1.8227609893575143,1.8227609893575143,EXT
WHY_LATAM,matrix_32_ext_0_1,3,100,100,0,608,0,1,2980.992314486818,2321.227967989286,26.52877701705659,659.7643464975321,0.2212986272042839,0.00753278560577303,86.00332610230058,3.764745094528263,0.11564995539231804,NA,1.739424211038696,NA,1.4231664606711412,2.2967997897448273,EXT
WHY_LATAM,matrix_32_ext_0_1,4,100,100,0,608,0,1,2980.992314486818,2213.170186374315,26.726919266211144,767.8221281125029,0.25754793612919835,0.00782558575854561,69.86998906071415,2.857174814390822,0.11274479778201422,NA,1.764081623657498,NA,1.372666174630775,2.7394211548965197,EXT
WHY_LATAM,matrix_32_ext_0_1,5,100,100,0,608,0,1,2980.992314486818,2147.9003536012933,25.646666901386663,833.0919608855244,0.27944072963844907,0.00779704636059606,58.48672946560337,2.2628457684384617,0.1022631164177339,NA,1.7792171465517437,NA,1.2719929485608417,2.903043982345564,EXT
WHY_LATAM,matrix_32_ext_0_1,6,100,100,0,608,0,1,2980.992314486818,2095.8948202604415,25.829277913698377,885.0974942263764,0.2968850319434063,0.0080855671923006,50.86039567463343,1.9675397801791017,0.099314836320601,NA,1.779785460796372,NA,1.240869614273887,3.0105933678957384,EXT
WHY_LATAM,matrix_32_ext_0_1,7,100,100,0,608,0,1,2980.992314486818,2051.214103710948,26.093815440160984,929.77821077587,0.3118776946844031,0.00790518499937832,45.41754097335827,1.6707575998834003,0.09640414537302604,NA,1.8023425629774263,NA,1.2051361923393609,3.1056837798840715,EXT
WHY_LATAM,matrix_32_ext_0_1,8,100,100,0,608,0,1,2980.992314486818,2013.1354329694725,25.564356795730436,967.8568815173456,0.3246487705233868,0.0080165440517373,41.22149820180281,1.5061898931066595,0.09719521598424025,NA,1.8237563639132788,NA,1.1963072660714928,3.161491491785249,EXT
WHY_LATAM,matrix_32_pos_0_1,2,100,100,0,608,0,1,433.5299406842086,365.3521383879946,6.066522438229409,68.17780229621395,0.1572100392887818,0.00771702481614157,113.10016827379576,6.597724424807473,0.1625526913027959,NA,0.6845719021176948,NA,0.6845719021176948,0.6845719021176948,POS
WHY_LATAM,matrix_32_pos_0_1,3,100,100,0,608,0,1,433.5299406842086,344.8578929457724,5.796955216783683,88.6720477384362,0.20447455054464517,0.00868872874151981,77.79692376417512,4.171909423676048,0.1139830276516432,NA,0.6812931509438381,NA,0.5405703732477547,0.9007176765331294,POS
WHY_LATAM,matrix_32_pos_0_1,4,100,100,0,608,0,1,433.5299406842086,329.2095970111939,5.550570224285549,104.32034367301468,0.2405682501090224,0.00872474632564931,63.811921182428016,3.055926272862884,0.10134544819096034,NA,0.6932419117186589,NA,0.4985419743856657,1.0351955940193474,POS
WHY_LATAM,matrix_32_pos_0_1,5,100,100,0,608,0,1,433.5299406842086,317.13396198117914,5.4715847491411616,116.3959787030295,0.26841847650525763,0.00932510184469504,55.34364883238247,2.633302744828891,0.0869136441482317,NA,0.7140687679275926,NA,0.4633680659068536,1.1442235364925455,POS
WHY_LATAM,matrix_32_pos_0_1,6,100,100,0,608,0,1,433.5299406842086,307.3729082712742,5.381223664342465,126.15703241293444,0.290933762254177,0.00944293955096599,49.43062795231629,2.264412895620312,0.08694337731882093,NA,0.7309982740296948,NA,0.4604555184048386,1.2364502125639425,POS
WHY_LATAM,matrix_32_pos_0_1,7,100,100,0,608,0,1,433.5299406842086,299.33706427249473,5.234261376820506,134.19287641171388,0.309466324515407,0.00954731083864476,44.91765947232542,2.005011270565883,0.08931124100674397,NA,0.7416266488775793,NA,0.4658839653314135,1.2830085433280545,POS
WHY_LATAM,matrix_32_pos_0_1,8,100,100,0,608,0,1,433.5299406842086,292.5928656574473,4.906790371435685,140.9370750267613,0.32501952380491234,0.00908979542889406,41.29626252766461,1.7066242852690754,0.08955260678180937,NA,0.7594125226773953,NA,0.45714979894200647,1.3276735825433046,POS
WHY_LATAM,matrix_32_raw_0_1,2,100,100,0,608,0,1,978.2636844687484,870.1242543874426,18.63894778590507,108.13943008130585,0.11051435412199652,0.00620060681969737,75.32537966458925,4.748058179842023,0.1007208876629575,NA,0.8505050148753605,NA,0.8505050148753605,0.8505050148753605,RAW
WHY_LATAM,matrix_32_raw_0_1,3,100,100,0,608,0,1,978.2636844687484,808.771612714447,17.961352477554478,169.49207175430158,0.17323879910932957,0.00674228579430875,63.40973608504363,2.992396239893881,0.09493352212228812,NA,0.9308679718245384,NA,0.8188541054388048,1.0381388141507026,RAW
WHY_LATAM,matrix_32_raw_0_1,4,100,100,0,608,0,1,978.2636844687484,767.1711361400897,17.53275361999338,211.0925483286588,0.2157555288535282,0.00854164005059155,55.41955977894193,2.8034341945939736,0.09607402722066896,NA,1.0602185732661549,NA,0.7987618405635539,1.6312261470627891,RAW
WHY_LATAM,matrix_32_raw_0_1,5,100,100,0,608,0,1,978.2636844687484,735.674714641001,16.592716379824374,242.5889698277476,0.24794105558941995,0.00877980506705085,49.72684628621607,2.348051649413605,0.09826757310737796,NA,1.0828075786805884,NA,0.7951392950925311,1.7735042208287066,RAW
WHY_LATAM,matrix_32_raw_0_1,6,100,100,0,608,0,1,978.2636844687484,713.1090223574604,16.178088830444235,265.15466211128813,0.2709990181594666,0.00953173107003951,44.78550808128364,2.162052037681471,0.09758146759902071,NA,1.1347828582949644,NA,0.7629200590707508,1.964767911834229,RAW
WHY_LATAM,matrix_32_raw_0_1,7,100,100,0,608,0,1,978.2636844687484,695.4786400273097,16.080986643760617,282.7850444414388,0.28902392296316964,0.00973435053224266,40.74567297458669,1.9341884451406453,0.0931031806363552,NA,1.1652896254859055,NA,0.7032411353273379,2.08899568476365,RAW
WHY_LATAM,matrix_32_raw_0_1,8,100,100,0,608,0,1,978.2636844687484,679.6287554884523,15.469715145946676,298.63492898029625,0.30522243019245593,0.00942930799353936,37.67753092745748,1.6693999360735683,0.09467299302890826,NA,1.2125756517357789,NA,0.6943192547648818,2.203407192504338,RAW
WHY_LATAM,matrix_32_z_abs,2,100,100,0,608,0,1,6667.492574596145,5900.330452774493,140.76593764315578,767.1621218216517,0.11500013812647782,0.00559813992334189,78.77301899783588,4.3355347522953664,0.1436535523904115,NA,2.313784084478803,NA,2.313784084478803,2.313784084478803,Z_ABS
WHY_LATAM,matrix_32_z_abs,3,100,100,0,608,0,1,6667.492574596145,5621.812019359423,123.39160942689388,1045.6805552367216,0.15672137677671719,0.00764990878651985,56.24824404174359,3.2650490224629145,0.09942233413375876,NA,2.5504881931011414,NA,1.890452005069347,3.4489686883156927,Z_ABS
WHY_LATAM,matrix_32_z_abs,4,100,100,0,608,0,1,6667.492574596145,5432.1615802983415,116.77209890285536,1235.3309942978026,0.1851524494606488,0.00828916644289101,45.77313659127475,2.531077885439251,0.08609763958302702,NA,2.6178624323340065,NA,1.7638728287220122,3.966791814286464,Z_ABS
WHY_LATAM,matrix_32_z_abs,5,100,100,0,608,0,1,6667.492574596145,5285.738656403478,111.88833060888383,1381.7539181926663,0.20709150541712837,0.00975919594462619,39.40174983938565,2.374654239243125,0.08145681488160857,NA,2.935467414520015,NA,1.7175131926623692,4.887366488851011,Z_ABS
WHY_LATAM,matrix_32_z_abs,6,100,100,0,608,0,1,6667.492574596145,5154.964828818893,110.71164419812705,1512.5277457772515,0.22670434759708272,0.01027041840180647,35.32478595848623,2.095336072412825,0.07928971093243052,NA,3.0579791217928913,NA,1.651326134176331,5.282169511685491,Z_ABS
WHY_LATAM,matrix_32_z_abs,7,100,100,0,608,0,1,6667.492574596145,5043.458449948824,106.8349315310595,1624.0341246473208,0.24343065884871415,0.00975649010794967,32.25128334199389,1.7287129999887283,0.07731697459623861,NA,3.134266411163354,NA,1.6363203531783657,5.636005598219138,Z_ABS
WHY_LATAM,matrix_32_z_abs,8,100,100,0,608,0,1,6667.492574596145,4935.3218009716065,105.11086705324593,1732.1707736245378,0.2596363729220903,0.01080818396503905,30.083736230724316,1.7160321076785356,0.0764904364658424,NA,3.2888644387577513,NA,1.5768772061513936,6.094533440812152,Z_ABS
